census_fips,n_businesses,tract_avg_rating,n_reviews,top_7,dropout_rate,unemployment,local_job_trend,prop_value,med_income,population,tract_n_crimes,traffic,econ,negatives,total
520800,207,4.07487922705314,55612,"[('Restaurant', 19), ('Attorney', 11), ('Bar', 11), ('Historical landmark', 9), ('American restaurant', 9), ('Tourist attraction', 9), ('Parking garage', 8)]",0.0,5.014749,-24.256673,155800.0,77838,"1,242",3082.0,0.42815962849351885,0.5720832940663055,0.2432624361582209,0.9078981181658994
521400,82,4.482926829268293,31998,"[('Restaurant', 15), ('Bar', 12), ('Wine store', 4), ('American restaurant', 4), ('Fast food restaurant', 3), ('Hair salon', 3), ('Bar & grill', 3)]",8.695652,24.253076,-24.17842,138900.0,50707,"1,403",1865.0,0.20112859194214522,0.33131633697310947,0.2242830879071706,0.5262700235174208
520700,172,4.238953488372093,63036,"[('Restaurant', 25), ('Bar', 16), ('American restaurant', 10), ('Corporate office', 8), ('Pizza restaurant', 7), ('Bar & grill', 7), ('Coffee shop', 7)]",15.517241,15.834633,-23.45475,0.0,76143,"3,151",3831.0,0.41001933213811204,0.8763267921985622,0.4410538393436998,0.982989168364706
517500,115,3.874782608695652,19335,"[('Doctor', 11), ('Apartment building', 8), ('Fast food restaurant', 8), ('Restaurant', 8), ('Medical clinic', 5), ('Coffee shop', 5), ('Sandwich shop', 5)]",11.607143,22.049287,-23.362515,0.0,31776,"2,856",3576.0,0.1999028011790826,0.6068253749570592,0.3859577567730056,0.6220204956508429
516600,26,4.05,5112,"[('Restaurant', 3), ('Apartment complex', 2), ('Seafood market', 1), ('Chicken restaurant', 1), ('Grill store', 1), ('Party store', 1), ('Barber shop', 1)]",7.831325,27.044855,-25.37777,64100.0,36985,"2,377",2329.0,0.04663999203879031,0.4059996360478404,0.25337763358552223,0.4336730662463383
516500,108,4.149074074074075,24353,"[('Restaurant', 12), ('Convenience store', 4), ('Beauty salon', 4), ('Caterer', 4), ('Fast food restaurant', 4), ('Takeout Restaurant', 4), ('Non-profit organization', 4)]",0.0,17.473436,-25.927161,217000.0,115781,"2,560",2417.0,0.20771023037282607,0.4916961195817199,0.1905172388823106,0.6969473481000656
511200,38,4.436842105263158,6006,"[('Restaurant', 4), ('Event venue', 3), ('Art gallery', 2), ('Fast food restaurant', 2), ('Church', 2), ('Website designer', 2), ('Apartment complex', 2)]",0.0,26.793249,-23.007907,51600.0,40552,"1,188",1429.0,0.06399132689843812,0.49355099920510126,0.11215294578667244,0.642953866528873
515300,37,4.31891891891892,5046,"[('Restaurant', 4), ('Doctor', 2), ('Apartment complex', 2), ('Cafe', 2), ('Fast food restaurant', 2), ('Cell phone store', 2), ('Barber shop', 1)]",28.947368,25.641026,-25.226811,63700.0,33640,"2,708",1915.0,0.05967938973209843,0.40320014305331664,0.4088548693660397,0.31017854011328383
504200,17,4.076470588235294,2777,"[('Liquor store', 3), ('Auto repair shop', 2), ('American restaurant', 2), ('Fast food restaurant', 2), ('Banquet hall', 1), ('Baptist church', 1), ('Church', 1)]",16.176471,22.222222,-24.577136,69400.0,44453,"1,644",1999.0,0.02823920159548632,0.4798873894709671,0.3016258209064371,0.43982815848827184
546700,20,4.19,990,"[('Non-profit organization', 2), ('Tobacco shop', 2), ('Caterer', 2), ('Bar', 2), ('Catholic church', 1), ('Car wash', 1), ('Methodist church', 1)]",5.092593,26.188734,-16.695946,52500.0,29110,"2,816",3492.0,0.02606988893925304,0.5367103927207229,0.32119807103072584,0.4696577197625348
516400,32,4.3375,6457,"[('American restaurant', 3), ('Fast food restaurant', 3), ('Soup kitchen', 2), ('Bar', 2), ('Farm', 2), ('Family restaurant', 2), ('Community garden', 1)]",51.807229,26.39821,-25.419408,62100.0,71500,"1,097",726.0,0.05822210932749927,0.5890747097018152,0.5184136083985812,0.373830362589098
545900,19,4.178947368421053,1881,"[('Pizza restaurant', 3), ('Sports bar', 2), ('Pizza delivery', 1), ('Discount store', 1), ('Grocery store', 1), ('Car repair and maintenance', 1), ('Cell phone store', 1)]",8.080808,22.395833,-17.43159,73600.0,27411,"3,758",3436.0,0.027748863453087358,0.49378213258463044,0.34340544478549184,0.4157008615540748
518000,36,4.25,14748,"[('Non-profit organization', 5), ('Tourist attraction', 5), ('Restaurant', 4), ('Museum', 4), ('Cafe', 3), ('Art museum', 3), ('Art gallery', 3)]",0.0,18.783069,-22.759652,144400.0,62697,"2,280",1350.0,0.0898758806230333,0.44207011748830854,0.10588697498246656,0.6265173671582647
533400,23,3.943478260869565,2602,"[('Liquor store', 3), ('Auto repair shop', 2), ('Church', 2), ('Restaurant', 1), ('Arts organization', 1), ('Hair salon', 1), ('Dentist', 1)]",27.777778,25.877863,-21.904771,72300.0,40552,"2,215",2204.0,0.03490171555957915,0.46686608918718814,0.4213467468436102,0.3326232532191817
506700,17,3.905882352941177,2533,"[('Used car dealer', 3), ('Cannabis store', 3), ('Car dealer', 2), ('Auto parts store', 2), ('Machine shop', 1), ('Manufacturer', 1), ('Tool & die shop', 1)]",6.382979,38.866397,-25.356508,66200.0,36691,"1,023",973.0,0.027449475798640044,0.30945846929301934,0.13290858721484836,0.4377012209972214
507400,24,4.025,2080,"[('Restaurant', 4), ('Gas station', 2), ('Barbecue restaurant', 2), ('Religious organization', 2), ('Liquor store', 2), ('Pizza restaurant', 2), ('Grocery store', 1)]",37.238494,26.491228,-25.887155,51000.0,55313,"2,488",2174.0,0.034417039484418085,0.5268063569554604,0.5033384779258474,0.3134608943820974
542600,23,4.404347826086957,2293,"[('Church', 2), ('Auto repair shop', 2), ('Barber shop', 2), ('Liquor store', 2), ('Hair salon', 2), ('Entertainment agency', 1), ('Recycling center', 1)]",4.736842,23.215477,-27.953016,83200.0,41083,"3,168",2221.0,0.03390161198898284,0.36879011237630116,0.21721471752188273,0.42195176493999204
531300,6,4.116666666666666,244,"[('Non-profit organization', 2), ('Addiction treatment center', 1), ('Alcoholism treatment program', 1), ('Domestic abuse treatment center', 1), ('Catholic church', 1), ('Association or organization', 1), ('Auto body shop', 1)]",6.024096,36.429872,-23.799719,58600.0,23205,"1,153",1147.0,0.006787929533311518,0.3030637394338501,0.14350904680514023,0.40568189994402354
520200,79,4.091139240506329,9818,"[('Restaurant', 10), ('Fast food restaurant', 5), ('Takeout Restaurant', 5), ('Sandwich shop', 4), ('Coffee shop', 4), ('Tourist attraction', 4), ('University', 4)]",0.0,19.557823,-20.785959,114500.0,43798,"3,650",2001.0,0.12572676454503967,0.44519549147852333,0.15752174705256822,0.6157539002463295
518900,151,4.354966887417219,34548,"[('Restaurant', 16), ('Meat wholesaler', 9), ('Clothing store', 7), ('Produce wholesaler', 5), ('Meat processor', 5), ('Coffee shop', 5), ('Grocery store', 5)]",5.027933,59.42029,-25.812673,0.0,26786,"2,121",3051.0,0.2925144039558976,0.2582481694896247,0.2856430354198208,0.48967138340957306
521500,31,4.261290322580645,15527,"[('Gas station', 3), ('Restaurant', 3), ('Non-profit organization', 3), ('Labor union', 2), ('Homeless shelter', 2), ('American restaurant', 2), ('Cannabis store', 2)]",0.0,28.518057,-21.360536,36700.0,44250,"1,354",2179.0,0.0863730809413569,0.5613116554167038,0.17164001038356377,0.6690199430481636
535200,18,4.0,1959,"[('Liquor store', 3), ('Bar', 1), ('Car repair and maintenance', 1), ('Soul food restaurant', 1), ('Manufacturer', 1), ('General contractor', 1), ('Banquet hall', 1)]",10.877193,25.83423,-21.602912,50900.0,40552,"2,019",2422.0,0.026796497504478965,0.5244936911770535,0.28791725696931864,0.4881862533991367
517200,416,4.077403846153846,154492,"[('Restaurant', 71), ('Bar', 47), ('American restaurant', 23), ('Parking garage', 19), ('Bar & grill', 19), ('Tourist attraction', 16), ('Caterer', 14)]",39.02439,22.488038,-26.250544,0.0,88750,"1,758",8235.0,1.0,0.8454685356639746,1.0,0.9831390333679643
517000,32,4.3125,4878,"[('Art gallery', 2), ('Apartment building', 2), ('Clothing store', 2), (""Women's clothing store"", 2), ('Grocery store', 2), ('Restaurant', 2), ('Gift shop', 1)]",0.0,12.527964,-25.892846,126000.0,68846,"2,978",1373.0,0.053111547715940795,0.5171632608770491,0.1077112449634379,0.6575569827809108
540200,28,4.189285714285714,2251,"[('Hair salon', 2), ('Restaurant', 2), ('Bar', 2), ('Pharmacy', 1), ('Barber shop', 1), ('Butcher shop', 1), ('Car wash', 1)]",0.0,17.97197,-17.17762,55000.0,40552,"3,183",3411.0,0.03978977196687113,0.6434150743672313,0.2693574284947239,0.616133904467797
516700,15,4.34,816,"[('Apartment building', 3), ('Townhouse complex', 2), ('River', 1), ('Cemetery', 1), ('Tourist attraction', 1), ('Condominium complex', 1), ('Apartment complex', 1)]",43.103448,20.62966,-25.37777,85400.0,22083,"3,218",1589.0,0.01948262743628771,0.3275514496102816,0.5092425672667118,0.12631664562597322
508100,28,4.021428571428571,2477,"[('Used car dealer', 4), ('Car dealer', 3), ('Auto repair shop', 2), ('Tire shop', 2), ('Gas station', 2), ('Adult entertainment club', 2), ('Towing service', 1)]",16.568047,37.310606,-31.212179,44000.0,16600,"1,271",2539.0,0.04052123930329432,0.18339298106586321,0.34794860488139306,0.15877588361829148
539300,21,4.214285714285714,4943,"[('Beauty salon', 2), ('Gas station', 2), ('Church', 2), ('American restaurant', 2), ('Cabinet maker', 1), ('Presbyterian church', 1), ('Glass repair service', 1)]",0.0,12.817484,-28.957714,107300.0,40552,"3,793",2028.0,0.04006891344149806,0.3705943005450212,0.1596632813780563,0.477665558411272
522500,59,4.2322033898305085,15660,"[('Restaurant', 8), ('Non-profit organization', 5), ('Beer store', 3), ('Bar', 3), ('Tourist attraction', 2), ('Cafe', 2), ('Event venue', 2)]",34.482759,24.726135,-23.45475,47100.0,40552,"1,442",3056.0,0.12053848599129696,0.5134213295520175,0.5487194614291923,0.33672107502184906
515200,14,4.321428571428571,832,"[('Community center', 2), ('Lutheran church', 1), ('Restaurant', 1), ('Homestay', 1), ('Corporate office', 1), ('Recreation center', 1), ('Professional services', 1)]",0.0,20.716113,-25.894048,45000.0,30893,"1,315",1142.0,0.018329593457333128,0.4625046886282309,0.08938922906759536,0.5970852934304397
537000,24,4.075,1982,"[('Restaurant', 4), ('Liquor store', 3), ('Banquet hall', 3), ('Grocery store', 2), ('Auditorium', 2), ('Baptist church', 1), ('Scrap metal dealer', 1)]",0.0,22.284123,-33.175902,78200.0,24931,"3,334",2740.0,0.03409985453322573,0.22539848228608433,0.21613633470203847,0.30111213621414074
542900,39,4.076923076923077,5838,"[('Restaurant', 4), ('Insurance agency', 3), ('Convenience store', 2), ('Beauty supply store', 2), ('Supermarket', 2), ('Car wash', 2), ('Clothing store', 2)]",0.0,14.118955,-25.398959,124200.0,66019,"3,319",1812.0,0.06465240054493109,0.5029008358962934,0.1425310067741516,0.6256357872207274
545200,22,4.109090909090909,2640,"[('Church', 5), ('Auto repair shop', 3), ('Gas station', 2), ('Auto parts store', 2), ('Restaurant', 2), ('Electrician', 1), ('Car dealer', 1)]",0.0,30.32146,-14.050861,63900.0,40552,"2,641",2592.0,0.03381988636558611,0.5760265327957951,0.20439755395491857,0.6089926600654071
526400,10,4.0,711,"[('Liquor store', 2), ('Pharmacy', 1), ('Convenience store', 1), ('ATM', 1), ('Check cashing service', 1), ('Lottery retailer', 1), ('Money order service', 1)]",0.0,33.594976,-22.149612,46700.0,56053,"1,417",602.0,0.013118690031610869,0.5451446717994967,0.046558542557833614,0.6993415297297219
524700,29,4.396551724137931,2426,"[('Gas station', 3), ('Baptist church', 3), ('Restaurant', 2), ('Cell phone store', 2), ('Soul food restaurant', 2), ('Religious organization', 2), ('Park', 2)]",12.106538,34.184397,-30.638284,67500.0,41955,"3,768",2271.0,0.041560992942537345,0.28618058819265163,0.28690389793119714,0.29896572133800425
521100,55,4.287272727272727,21453,"[('Mexican restaurant', 9), ('Community center', 4), ('Bar', 4), ('Restaurant', 4), ('Border crossing station', 3), ('Park', 2), ('Church', 2)]",3.174603,17.109635,-22.517986,55000.0,39602,"1,544",992.0,0.13446872339569302,0.5619600992654947,0.105803109713956,0.766447543684067
524300,18,4.422222222222222,1881,"[('Grocery store', 2), ('Pizza restaurant', 2), ('Restaurant', 2), ('Store', 2), ('Car wash', 2), ('Non-profit organization', 1), ('Social services organization', 1)]",14.43299,17.583408,-19.098391,57900.0,41504,"2,626",1016.0,0.026544044175978925,0.6141071720871127,0.2081096436248336,0.6320294443482868
526100,9,3.9,637,"[('Church', 2), ('American restaurant', 1), ('Store', 1), ('Used car dealer', 1), ('Warehouse', 1), ('Hardware store', 1), ('Garden center', 1)]",34.38914,21.108179,-20.998936,69600.0,22292,"2,753",717.0,0.01167436375054086,0.43204104435019286,0.3623642363045167,0.33341412408976084
523800,23,4.195652173913044,3789,"[('Bar', 3), ('Grocery store', 3), ('Restaurant', 2), ('Dollar store', 2), ('Barber shop', 1), ('Warehouse', 1), ('Produce market', 1)]",14.215686,25.611511,-19.00073,59600.0,53359,"3,759",1483.0,0.038743537366368194,0.6098964746135513,0.24321232617942054,0.608974651329748
506100,25,4.172,3610,"[('Auto repair shop', 3), ('Car battery store', 3), ('Oil change service', 2), ('Auto parts store', 2), ('Tire shop', 2), ('Cannabis store', 2), ('Bar', 2)]",0.0,40.0,-26.366637,70900.0,28125,"1,875",1292.0,0.040573827897488826,0.23035681180199086,0.10128664198697362,0.4084890419243792
545700,17,3.994117647058824,10137,"[('Restaurant', 4), ('Bar', 3), ('Bar & grill', 3), ('American restaurant', 3), ('Hamburger restaurant', 3), ('Mexican restaurant', 2), ('Hotel', 2)]",0.0,39.164786,-16.962453,73900.0,40552,"2,925",1829.0,0.05206043874625922,0.43856437898441275,0.14387938023834781,0.559077449327585
503500,26,4.076923076923077,3554,"[('Tire shop', 3), ('Auto repair shop', 3), ('Restaurant', 3), ('Church', 2), ('Beauty salon', 2), ('Auto body shop', 2), ('Liquor store', 2)]",9.247312,31.753846,-21.83587,69100.0,44717,"2,709",3045.0,0.04159739863105877,0.4519356992150801,0.32279580539586816,0.40941866459479326
506900,15,4.22,2326,"[('Auto repair shop', 3), ('Restaurant', 2), ('American restaurant', 2), ('State liquor store', 1), ('Mechanic', 1), ('Muffler shop', 1), ('Gas station', 1)]",6.153846,29.393939,-25.747133,66600.0,32981,"3,579",2569.0,0.02436986494955769,0.35599741745806635,0.2574536393016364,0.3687544712380454
531900,13,4.353846153846154,1242,"[('Landscaping supply store', 1), ('Snow removal service', 1), ('Gas station', 1), ('ATM', 1), ('Free clinic', 1), ('Dentist', 1), ('Eye care center', 1)]",12.790698,67.041199,-22.571851,53200.0,26368,866,722.0,0.018451772445417205,0.11776027873554853,0.17014465905352988,0.2353889425817663
533900,137,4.062773722627737,16651,"[('Restaurant', 13), ('Apartment building', 5), ('Non-profit organization', 5), ('Social services organization', 4), ('Cafe', 4), ('Convenience store', 3), ('Bank', 3)]",0.0,11.631206,-22.820873,140500.0,61250,"3,356",3157.0,0.21772184151015914,0.4979986885833738,0.24921114261791003,0.6609120957015745
536600,30,4.03,2208,"[('Restaurant', 3), ('Banquet hall', 2), ('Liquor store', 2), ('Church', 2), ('Day care center', 1), ('Dairy supplier', 1), ('Concrete contractor', 1)]",0.0,30.814524,-23.15168,46500.0,32597,"2,535",2165.0,0.042060237532299524,0.4330748472963281,0.1705295851777551,0.523246085474735
521900,55,4.345454545454546,7098,"[('Restaurant', 6), ('Bar', 3), ('Auto body shop', 2), ('Chinese restaurant', 2), ('Asian restaurant', 2), ('Coffee shop', 2), ('Bakery', 2)]",0.0,14.974055,-23.054444,121700.0,86518,"2,943",2569.0,0.08800760120828204,0.6423326638141389,0.20257328397394725,0.7129991000136628
545800,22,4.140909090909091,2091,"[('Gas station', 3), ('Auto repair shop', 2), ('Pharmacy', 2), ('Medical clinic', 2), ('Exporter', 1), ('Dentist', 1), ('Museum', 1)]",20.4947,28.606002,-16.877807,55700.0,28438,"5,518",3392.0,0.03204300332268199,0.5041758909664236,0.45062334540693094,0.337023095234138
530900,13,4.123076923076924,593,"[('Non-profit organization', 2), ('Gas station', 2), ('Charity', 1), ('Church of Christ', 1), ('Used car dealer', 1), ('Car dealer', 1), ('Barber shop', 1)]",4.878049,35.643564,-24.745995,49800.0,34435,"1,698",1432.0,0.016351231289051495,0.3725117565454237,0.1558936177768334,0.4623342674715275
536800,15,4.113333333333333,1846,"[('Tire shop', 3), ('Gas station', 2), ('Liquor store', 2), ('Church', 1), ('Beauty salon', 1), ('Television repair service', 1), ('Corporate office', 1)]",0.0,17.713366,-24.901018,65800.0,40552,"1,667",1385.0,0.02281630600494207,0.498448332916163,0.10866303799698815,0.6150745930052901
500400,22,3.963636363636364,3441,"[('Restaurant', 3), ('Auto repair shop', 2), ('Chicken restaurant', 2), ('Fast food restaurant', 2), ('Cannabis store', 1), ('Alternative medicine practitioner', 1), ('Medical clinic', 1)]",13.445378,37.598425,-23.4655,48800.0,31827,751,1399.0,0.03641238785441343,0.3668717712768629,0.22968012355066614,0.411856240951985
525700,38,4.389473684210526,4059,"[('Bar', 4), ('Salvadoran restaurant', 3), ('Custom t-shirt store', 2), ('Catholic church', 2), ('Barber shop', 2), ('Grocery store', 2), ('Party store', 2)]",19.80198,18.275058,-18.892615,48900.0,43255,"4,403",2077.0,0.05768970342934099,0.6429735223495845,0.3401449750344332,0.5707883988019897
505100,65,4.096923076923077,11763,"[('Cannabis store', 5), ('Gas station', 4), ('Grocery store', 4), ('Auto repair shop', 3), ('Liquor store', 3), ('Party store', 3), ('Discount store', 3)]",0.0,31.538462,-26.586421,75500.0,40552,"2,888",3643.0,0.11515444497234947,0.3428138812882324,0.28775876047669563,0.408969941431764
503600,8,3.975,491,"[('Barber shop', 1), ('Public library', 1), ('Social services organization', 1), ('Child care agency', 1), ('Foster care service', 1), ('Group home', 1), ('Gas station', 1)]",12.169312,30.053191,-28.321445,63900.0,33531,"1,476",1347.0,0.009997003627778507,0.32024016936727573,0.21417565651844037,0.3629281445987739
506800,49,4.095918367346939,10538,"[('Shoe store', 5), (""Women's clothing store"", 5), ('Fast food restaurant', 5), ('Clothing store', 4), ('Grocery store', 4), (""Children's clothing store"", 3), ('Gas station', 3)]",9.287257,38.746146,-25.498359,80600.0,43382,"3,904",2934.0,0.09191252464871007,0.30648484370911444,0.3143479516608883,0.3357084273031525
540300,16,3.89375,1846,"[('Beauty salon', 3), ('Hair salon', 2), ('Restaurant', 2), ('Car wash', 2), ('Electric utility company', 1), ('Barber shop', 1), ('Wig shop', 1)]",13.249211,17.542707,-15.864427,68300.0,38750,"3,746",3205.0,0.0240211252820505,0.6254014284673378,0.37117554642341516,0.5008336003718975
536500,30,3.9166666666666665,3129,"[('Gas station', 4), ('Auto repair shop', 4), ('Auto parts store', 3), ('Restaurant', 3), ('Chicken restaurant', 2), ('Convenience store', 2), ('Beer store', 2)]",0.0,13.733906,-19.58523,75300.0,32500,"2,097",1870.0,0.04504112875728075,0.5477821816034896,0.14713133976964451,0.6432111574213297
526000,50,4.224,3050,"[('Transportation service', 3), ('Trucking company', 3), ('Gas station', 3), ('ATM', 3), ('Ford dealer', 3), ('Tire shop', 3), ('Shipping service', 2)]",73.134328,18.352941,-22.034161,54900.0,30603,"3,043",1342.0,0.06888182438981477,0.5149247689214278,0.7574686225337496,0.11657776264658642
525400,14,4.371428571428572,727,"[('Gas station', 3), ('Baptist church', 2), ('Food products supplier', 1), ('Mexican goods store', 1), ('Funeral home', 1), ('Religious organization', 1), ('Catholic church', 1)]",20.192308,28.897338,-9.58175,48000.0,29875,"1,795",1052.0,0.017989752438198458,0.6418520114623008,0.26232695448087057,0.6022463748478903
536700,13,4.223076923076923,947,"[('Auto body shop', 2), ('Park', 2), ('Gas station', 2), ('Auto repair shop', 1), ('Auto wrecker', 1), ('Senior citizen center', 1), ('Auto dent removal service', 1)]",0.0,32.427844,-25.709875,61500.0,34211,"1,055",991.0,0.017496981010705518,0.3521503115531275,0.07741250006208793,0.512727339323633
501900,6,4.016666666666667,171,"[('Car wash', 2), ('Janitorial service', 1), ('Holistic medicine practitioner', 1), ('Alternative medicine practitioner', 1), ('Health food store', 1), ('Gas station', 1), ('ATM', 1)]",0.0,21.79289,-25.520887,98700.0,21304,"2,490",1559.0,0.006551659110484559,0.2798336932572804,0.12246403698346693,0.4036230757360144
540500,34,4.114705882352942,2530,"[('Barber shop', 5), ('Car wash', 3), ('Beauty salon', 3), ('Gas station', 3), ('Tire shop', 2), ('Grocery store', 2), ('Community college', 2)]",0.328947,24.171123,-19.029147,77800.0,40552,"3,466",2662.0,0.04792169376607957,0.5112056347039384,0.2128832483969473,0.5586511477944127
540600,18,4.027777777777778,1979,"[('Cannabis store', 2), ('Restaurant', 2), ('Bus stop', 1), ('Nail salon', 1), ('Boutique', 1), ('Pharmacy', 1), ('Dry cleaner', 1)]",28.571429,22.920892,-19.842668,83500.0,46563,"3,274",2361.0,0.02686122912717128,0.5243401776957108,0.440877197986842,0.3580497425854962
506400,25,4.136,1233,"[('Auto repair shop', 3), ('Gas station', 3), ('Towing service', 2), ('Auto parts store', 2), ('Bus stop', 1), ('Tire shop', 1), ('Association or organization', 1)]",28.881988,18.956044,-24.577673,48700.0,16454,842,1462.0,0.03288047454050687,0.41462916349673945,0.3723416197198506,0.3281566217438573
503200,27,4.1000000000000005,4042,"[('Cannabis store', 4), ('Used car dealer', 3), ('Club', 2), ('Cell phone store', 1), ('Electronic parts supplier', 1), ('Electronics store', 1), ('Telecommunications service provider', 1)]",11.549296,38.79047,-22.396756,69100.0,54091,"3,002",2990.0,0.04438166950185975,0.43670587165269853,0.33896264740227494,0.3850896949530316
516800,27,4.288888888888889,3046,"[('Baptist church', 3), ('Auto repair shop', 2), ('Doctor', 2), ('Association or organization', 2), ('Non-profit organization', 2), ('Restaurant', 2), ('Gas station', 2)]",5.696203,47.972973,-25.312026,50200.0,36667,569,956.0,0.04115803469178233,0.2798414865965553,0.12543550557457347,0.4305286946540499
503100,30,4.016666666666667,4581,"[('Used car dealer', 3), ('Bus stop', 2), ('Liquor store', 2), ('Restaurant', 2), ('Cell phone store', 2), ('Electronics store', 2), ('American restaurant', 2)]",0.0,28.549962,-22.841963,73000.0,38884,"2,996",2601.0,0.04974064456474301,0.42173771678917216,0.20511139873008127,0.49073206187622964
504100,15,3.993333333333333,1287,"[('Laundromat', 2), ('Auto repair shop', 2), ('Party store', 2), ('Restaurant', 2), ('Sandwich shop', 1), ('Bar & grill', 1), ('Community center', 1)]",0.0,29.753086,-24.577136,65900.0,35730,"1,173",1572.0,0.021007057150691788,0.3870639040988382,0.12349514610314638,0.5062149518257391
537800,37,4.2405405405405405,3429,"[('Shoe store', 5), ('Clothing store', 4), ('Beauty salon', 3), (""Women's clothing store"", 2), ('Barber shop', 2), ('Perfume store', 2), ('Gas station', 2)]",10.638298,27.858881,-34.61654,39800.0,24375,"1,545",1561.0,0.054445838037424546,0.25195367805196406,0.21749562735484906,0.33983615892314906
538600,37,4.237837837837838,3185,"[('Beauty salon', 6), ('Barber shop', 5), ('Auto repair shop', 4), ('Hair salon', 3), ('Auto electrical service', 2), ('Shoe repair shop', 2), ('Auto radiator repair service', 2)]",21.315789,17.267843,-26.723478,98900.0,58750,"4,758",2439.0,0.05365611224057827,0.48377246576448424,0.38235763462117156,0.3960976517410193
545600,49,4.283673469387756,5607,"[('Bakery', 7), ('Barber shop', 3), ('Oil change service', 3), ('Pizza restaurant', 2), ('Fast food restaurant', 2), ('Takeout Restaurant', 2), ('Pizza Takeout', 2)]",0.0,35.136674,-14.904257,66600.0,31071,"5,319",2111.0,0.07595294307391914,0.47157276801559533,0.1662465165267789,0.588441318335922
511300,14,3.957142857142857,1242,"[('Grocery store', 2), ('Drug store', 2), ('Baptist church', 1), ('Community center', 1), ('Medical Center', 1), ('Family practice physician', 1), ('Recreation center', 1)]",8.189655,31.238616,-25.160676,41800.0,38950,"2,231",1270.0,0.019656591722525638,0.44207344440326435,0.1725775060848447,0.510106508031987
506300,41,4.170731707317073,4687,"[('Used auto parts store', 3), ('Wholesaler', 3), ('Manufacturer', 3), ('Used car dealer', 2), ('Auto parts store', 2), ('Towing service', 2), ('Salvage yard', 2)]",10.952381,34.863195,-24.540142,60600.0,24327,"1,860",1697.0,0.06333673421320507,0.3042166839089979,0.2310836254678318,0.38028119272347627
506200,22,4.222727272727273,2089,"[('Liquor store', 2), ('Restaurant', 2), ('Barber shop', 1), ('Tire shop', 1), ('Dry cleaner', 1), ('Beauty supply store', 1), ('Beer store', 1)]",10.465116,39.820743,-26.241801,68600.0,26492,"1,814",1730.0,0.03203653016041276,0.23109674393546267,0.22935559879641226,0.2929626343618691
507200,11,4.163636363636363,2790,"[('Church', 3), ('Baptist church', 2), ('Cell phone store', 1), ('Electronic parts supplier', 1), ('Electronics store', 1), ('Telecommunications service provider', 1), ('Telephone company', 1)]",26.229508,43.364929,-22.377452,52300.0,39175,"1,003",917.0,0.02105236148758572,0.3682345628135122,0.3054593823918854,0.33551976835736536
520300,105,4.437142857142857,38260,"[('Restaurant', 16), ('Bar', 10), ('Clothing store', 4), ('Live music venue', 4), ('Hamburger restaurant', 4), ('Coffee shop', 4), ('American restaurant', 4)]",0.0,4.804469,-25.058906,214100.0,78388,"2,622",1673.0,0.24910690638060384,0.4206851532614617,0.1315060708021944,0.7219433561006705
541200,25,4.096,4668,"[('Beauty salon', 2), ('Restaurant', 2), ('Fast food restaurant', 2), ('Coffee shop', 2), ('Auditorium', 2), ('Park', 1), ('T-shirt store', 1)]",0.0,32.111001,-17.050165,65200.0,20742,"2,046",2122.0,0.04399813073791242,0.4126210947930439,0.1671189934742,0.5104021571971036
501000,12,4.116666666666666,553,"[('Tire shop', 2), ('Banquet hall', 2), ('Auto repair shop', 2), ('Nail salon', 1), ('Grocery store', 1), ('Hardware store', 1), ('Cleaning products supplier', 1)]",18.8,21.854305,-24.497241,74300.0,31951,"2,945",2578.0,0.015016948766558428,0.4089193299358433,0.3709466184666876,0.3092984824396784
544300,23,4.121739130434783,2446,"[('Gas station', 5), ('Cocktail bar', 2), ('Bar & grill', 2), ('Cannabis store', 2), ('Real estate rental agency', 1), ('Heating contractor', 1), ('Air conditioning repair service', 1)]",5.924171,32.898172,-30.34563,72600.0,38588,"2,428",1783.0,0.03439680890257907,0.2710656844560745,0.1930629406412813,0.35981439639233337
539400,33,4.012121212121213,4025,"[('Beauty salon', 3), ('Hair salon', 2), ('Nail salon', 2), ('Gas station', 2), ('Barber shop', 2), ('Car wash', 2), ('Soul food restaurant', 2)]",0.0,27.858744,-36.026415,105700.0,43333,"3,707",2083.0,0.05155556328522188,0.16353519280651527,0.16402566611516167,0.30766203063770786
544200,9,4.566666666666666,1346,"[('Association or organization', 1), ('Food bank', 1), ('Catholic church', 1), ('Used tire shop', 1), ('Baptist church', 1), ('Recording studio', 1), ('Health and beauty', 1)]",2.03252,32.662835,-29.399013,70400.0,24570,"2,005",1639.0,0.01396909977498352,0.22240771357747924,0.1469354550461834,0.3402931664265133
538900,41,4.224390243902438,6511,"[('Beauty salon', 3), ('Clothing store', 3), ('Beauty supply store', 3), ('Vacuum cleaner store', 2), ('Industrial vacuum equipment supplier', 2), ('Vacuum cleaner repair shop', 2), ('Vacuum cleaning system supplier', 2)]",0.0,17.027677,-26.888571,89900.0,54196,"3,465",1980.0,0.06924025820274443,0.4822074194828308,0.15585610924385526,0.6006110533266429
504300,10,4.1,553,"[('Church', 2), ('Elementary school', 1), ('Party store', 1), ('Software company', 1), ('Home builder', 1), ('Banquet hall', 1), ('Seafood market', 1)]",11.944444,25.260417,-27.732298,64200.0,33646,"1,834",1641.0,0.01260731021234156,0.36584859459649793,0.23548919998224024,0.38580548240892815
542500,15,4.086666666666667,2509,"[('Beauty salon', 2), ('Barber shop', 2), ('Gas station', 2), ('Government office', 1), ('Social services organization', 1), ('Handbags shop', 1), ('African goods store', 1)]",0.0,3.391232,-26.968133,124900.0,67019,"2,475",1382.0,0.024962159297192397,0.5636384485399999,0.10842508973860059,0.6725323335067307
535300,36,4.227777777777778,3064,"[('Auto repair shop', 4), ('Gas station', 4), ('Convenience store', 3), ('Church', 2), ('Barber shop', 2), ('Butcher shop', 2), ('Grocery store', 2)]",0.0,19.201995,-21.969079,69600.0,33277,"3,950",3450.0,0.05205966664618132,0.48680519337331396,0.2724507558537622,0.4907721460772726
538700,45,4.155555555555556,9350,"[('Beauty salon', 6), ('American restaurant', 3), ('Community center', 2), ('ATM', 2), ('Hair salon', 2), ('Restaurant', 2), ('Grocery store', 2)]",4.8,26.88172,-36.185983,87200.0,36139,"3,823",3525.0,0.08324818915235266,0.17772672912432466,0.32120614053921587,0.2130273713668688
501600,62,3.9516129032258074,6687,"[('Doctor', 4), ('Dollar store', 3), ('Discount store', 3), ('Drug store', 3), ('Convenience store', 3), ('Parking garage', 2), ('Physical therapy clinic', 2)]",0.0,26.935313,-21.883269,75800.0,43712,"1,955",2372.0,0.09511110130171394,0.4664479380299866,0.18694801500649713,0.5827714088331429
534100,18,4.011111111111111,4083,"[('Car wash', 2), ('Church', 2), ('Liquor store', 2), ('Restaurant', 2), ('Fast food restaurant', 2), ('Religious organization', 1), ('School', 1)]",52.380952,31.445087,-11.15587,81200.0,20694,"1,691",1507.0,0.0336709958344031,0.4700297215279193,0.5854759666345858,0.19470860038183574
532600,29,4.244827586206896,1763,"[('Doctor', 3), ('Parking lot', 2), ('Parking garage', 2), ('Surgeon', 2), ('Coffee shop', 2), ('Pulmonologist', 1), ('Corporate office', 1)]",0.0,27.904328,-22.458535,98100.0,42098,"2,068",1468.0,0.03941513965028702,0.3871525555198646,0.11524627314571079,0.528956598363487
551500,12,4.25,583,"[('Mosque', 2), ('Religious organization', 1), ('Police department', 1), ('Drug store', 1), ('Convenience store', 1), ('Cosmetics store', 1), ('Pharmacy', 1)]",0.0,17.660911,-23.353547,104200.0,43487,"2,441",15.0,0.015114046200596904,0.4433926701430543,0.0,0.6541074672229269
541000,36,4.266666666666667,3143,"[('Barber shop', 3), ('Clothing store', 3), ('Gas station', 2), ('Beauty supply store', 2), ('Cosmetics store', 2), ('ATM', 2), ('Dollar store', 2)]",7.30897,32.505285,-20.080339,69100.0,47961,"3,775",3002.0,0.05231535655581598,0.48990926191099565,0.3020989673828371,0.4684192149684254
539600,24,4.108333333333333,3207,"[('Liquor store', 3), ('Beauty supply store', 2), ('Gas station', 2), ('Fast food restaurant', 2), ('Restaurant', 2), ('Barber shop', 1), ('Car repair and maintenance', 1)]",0.0,30.87159,-32.044939,87300.0,66012,"3,197",2208.0,0.03806466642313019,0.36207119240023333,0.17394017688131022,0.45657463668116993
541300,40,4.0875,6775,"[('Auto repair shop', 3), ('Gas station', 3), ('Cannabis store', 3), ('Bar & grill', 3), ('Church', 2), ('Non-profit organization', 2), ('Restaurant', 2)]",13.821138,25.14193,-18.291727,80900.0,39853,"2,664",2932.0,0.06888989634517459,0.5041520624706562,0.35462273304715225,0.4499623575723991
500600,21,4.095238095238095,3302,"[('Beauty salon', 4), ('Gas station', 3), ('Hair salon', 2), ('Religious organization', 2), ('Barber shop', 1), ('Property management company', 1), ('Day care center', 1)]",11.228814,14.964676,-23.4655,75000.0,42009,"2,692",3002.0,0.034757683799593396,0.526538300551697,0.3370563633835024,0.4549114084924868
535600,12,4.325,1266,"[('Auto repair shop', 2), ('Grocery store', 2), ('Seafood restaurant', 2), ('Car repair and maintenance', 1), ('Methodist church', 1), ('Transmission shop', 1), ('Auto radiator repair service', 1)]",17.197452,21.745789,-18.833496,94900.0,40552,"3,727",1824.0,0.01732463111553955,0.4907456898955381,0.2968506735716665,0.4438405946102971
505200,13,3.6307692307692303,885,"[('Gas station', 3), ('Grocery store', 2), ('Used car dealer', 2), ('Baptist church', 2), ('Supermarket', 1), ('Motel', 1), ('American restaurant', 1)]",13.350785,31.105711,-26.725457,78600.0,37287,"2,943",2467.0,0.017296312980359333,0.31988366580727157,0.31354611767967905,0.28433740338693825
507000,18,4.155555555555555,1897,"[('Car wash', 4), ('Baptist church', 2), ('Methodist church', 2), ('American restaurant', 2), ('Fast food restaurant', 2), ('High school', 1), ('Pharmacy', 1)]",0.0,41.038198,-23.092891,68500.0,40552,"2,720",2109.0,0.02659582947413278,0.34196747023516916,0.16608788435452057,0.4364054208182292
534700,15,3.8866666666666654,2082,"[('Party store', 1), ('Church', 1), ('Soul food restaurant', 1), ('Apartment rental agency', 1), ('Gas station', 1), ('Plumber', 1), ('Grocery store', 1)]",0.0,34.416961,-20.408072,61300.0,30982,"3,056",2025.0,0.023580139152711416,0.4038429203145182,0.15942533311966872,0.49211869155192445
534400,15,4.38,422,"[('Auto repair shop', 2), ('Flea market', 1), ('Funeral home', 1), ('Beauty salon', 1), ('Church', 1), ('Snow removal service', 1), ('Landscaper', 1)]",0.0,26.79558,-25.392207,55800.0,10625,"1,474",1442.0,0.01820741446924905,0.2952820457459465,0.11318405490635189,0.4345602728777439
539200,40,4.0575,7073,"[('Wheel store', 2), ('Nail salon', 2), ('Gas station', 2), ('Park', 2), ('Auto parts store', 2), ('Restaurant', 2), ('Event venue', 2)]",0.0,19.085487,-17.277213,83100.0,37171,"4,863",2754.0,0.06985439752329012,0.5472774911718614,0.21724675990784711,0.6042618447337311
542400,20,4.05,2098,"[('Cell phone store', 3), ('American restaurant', 3), ('Soul food restaurant', 2), ('Check cashing service', 1), ('Cafe', 1), ('Electronic parts supplier', 1), ('Electronics store', 1)]",0.0,23.730298,-26.968133,82800.0,21875,"2,651",2359.0,0.029656020836407438,0.284434259420522,0.1859169058868177,0.37322679261170577
538200,35,4.228571428571429,4910,"[('Boutique', 4), ('Hair salon', 3), ('Beauty salon', 3), ('Restaurant', 3), ('Clothing store', 2), ('Tax preparation service', 2), (""Women's clothing store"", 2)]",0.0,19.693301,-26.024822,310600.0,161250,"1,972",909.0,0.0568295761435738,0.4722709127354438,0.07090858099949447,0.6538397872689466
532400,12,4.375,428,"[('Presbyterian church', 1), ('Tourist attraction', 1), ('Non-profit organization', 1), ('Performing arts group', 1), ('Electronics store', 1), ('Produce market', 1), ('Laundromat', 1)]",0.0,34.855403,-20.73444,33100.0,41528,"1,569",985.0,0.014612376124731444,0.5178347771100644,0.07693660354531279,0.6515598427353637
500700,19,4.247368421052632,2392,"[('American restaurant', 3), ('Fast food restaurant', 2), ('Restaurant', 1), ('Dry cleaner', 1), ('Dental clinic', 1), ('Cosmetic dentist', 1), ('Dental implants provider', 1)]",5.225653,26.588465,-24.220764,85800.0,44184,"4,109",3737.0,0.029402756412876076,0.4104595437274329,0.34181714892502707,0.34760892553837874
516900,10,4.279999999999999,855,"[('Apartment building', 3), ('Apartment complex', 2), ('Park', 2), ('Presbyterian church', 1), ('Church', 1), ('Non-profit organization', 1), ('Church of Christ', 1)]",0.0,36.09375,-25.892846,63800.0,40552,"2,111",882.0,0.013584757714995555,0.3476085020165182,0.06876704667400638,0.5128901031988016
545100,19,4.421052631578948,2014,"[('Auto repair shop', 2), ('Used car dealer', 1), ('Dry cleaner', 1), ('Tailor', 1), ('Auto wrecker', 1), ('Car dealer', 1), ('Cell phone store', 1)]",0.0,19.648562,-19.923583,59800.0,16458,"1,026",1362.0,0.02817932874399127,0.4546389240574297,0.10683876801601681,0.5839350034462195
541100,26,4.026923076923077,1065,"[('Gas station', 4), ('Auto repair shop', 4), ('Car wash', 3), ('Liquor store', 3), ('Auto restoration service', 1), ('Used car dealer', 1), ('Drug store', 1)]",33.474576,39.851485,-17.146487,84800.0,22990,"2,921",2756.0,0.03354154818699984,0.3151973623172067,0.5159336011584178,0.12207690605472465
530400,7,3.685714285714286,2816,"[('Restaurant', 3), ('Fast food restaurant', 2), ('Bank', 1), ('Financial consultant', 1), ('Financial planner', 1), ('Car repair and maintenance', 1), ('Auto repair shop', 1)]",8.849558,25.986395,-23.278067,63000.0,17013,"1,283",1228.0,0.016317235488652,0.3489026903236708,0.1751312836718389,0.4258730137778077
530100,10,4.36,331,"[('Church', 1), ('School', 1), ('Business development service', 1), ('Grocery store', 1), ('Auto repair shop', 1), ('Baptist church', 1), ('Non-profit organization', 1)]",20.833333,39.362699,-20.915405,53400.0,40552,"2,336",1557.0,0.011888789200456834,0.42580818176582524,0.30809827608229207,0.37443873502443203
522000,25,4.096,1794,"[('Non-profit organization', 2), ('ATM', 2), ('Baptist church', 1), ('Pizza restaurant', 1), ('Italian restaurant', 1), ('Church', 1), ('Park', 1)]",0.0,26.280992,-23.023576,51900.0,25986,"1,789",1311.0,0.03469619655702638,0.4231013904648774,0.1027936476234282,0.5660996093457635
539000,33,4.003030303030303,3671,"[('Auto repair shop', 7), ('Used car dealer', 4), ('Brake shop', 3), ('Tire shop', 3), ('Towing service', 3), ('Oil change service', 3), ('Cannabis store', 2)]",23.243243,36.569149,-26.024822,70300.0,34519,"2,769",1758.0,0.05040981356356786,0.2955572685263241,0.3455325264615615,0.2646111579686061
539500,41,3.909756097560976,5486,"[('Beauty salon', 5), ('Clothing store', 3), ('Hair salon', 3), ('School', 2), ('Church', 2), ('Bar & grill', 2), ('Restaurant', 2)]",18.478261,23.269962,-34.340809,93200.0,87761,"2,921",3495.0,0.06592276253976315,0.47936666377714043,0.44081018239597014,0.35307980016725377
502000,16,4.35625,1546,"[('Bar', 2), ('Church', 2), ('Liquor store', 2), ('Nail salon', 1), ('Barber shop', 1), ('Locksmith', 1), ('Non-profit organization', 1)]",8.04878,31.505484,-25.520887,58500.0,34306,"1,858",1281.0,0.023050150941665737,0.36998745087839324,0.1721936516166294,0.45202408779590686
985200,23,3.8521739130434782,5675,"[('Shoe store', 4), ('Clothing store', 3), ('Discount store', 3), ('Grocery store', 3), ('Gas station', 2), ('Convenience store', 2), (""Children's clothing store"", 2)]",0.0,0.0,-25.504416,0.0,40552,3,803.0,0.044847729386253754,0.7859422480822658,0.0625010758698005,0.9175136031495619
501300,15,4.213333333333334,628,"[('Auto repair shop', 2), ('Grocery store', 1), ('Liquor store', 1), ('Health and beauty shop', 1), ('Hookah store', 1), ('Tobacco shop', 1), ('Upholstery shop', 1)]",17.283951,32.869081,-25.6756,67700.0,40552,"3,078",2490.0,0.018874150182979922,0.36602432620923175,0.3504465900295081,0.293535912424392
538500,33,4.278787878787878,5413,"[('Liquor store', 4), ('Restaurant', 4), ('Church', 3), ('Religious organization', 2), ('Beauty salon', 2), ('Hair salon', 2), ('Auto repair shop', 2)]",8.521303,21.660305,-24.800644,108100.0,42500,"5,184",3009.0,0.05604793790006873,0.3757513093389816,0.3134658359510488,0.3648599246106124
551400,61,4.034426229508196,12146,"[('Shoe store', 10), ('Clothing store', 10), ('Fashion accessories store', 7), ('Sportswear store', 5), ('Restaurant', 5), ('Cafe', 3), (""Women's clothing store"", 3)]",1.515152,15.921193,-22.172867,102100.0,50224,"4,431",21.0,0.11157477843847362,0.5141762662451609,0.013988109876592535,0.7844204104250395
506500,12,4.141666666666667,573,"[('Auto repair shop', 2), ('Gym', 1), ('Liquor store', 1), ('Veterans organization', 1), ('Church', 1), ('Catholic church', 1), ('Barber shop', 1)]",0.0,20.735444,-24.392254,72700.0,39141,"1,963",1422.0,0.015081680389250746,0.4592483766986664,0.11159773318376812,0.5726710133724946
546100,18,4.072222222222222,2055,"[('Bar', 2), ('Liquor store', 2), ('Grocery store', 2), ('Cell phone store', 1), ('Electronic parts supplier', 1), ('Electronics store', 1), ('Telecommunications service provider', 1)]",0.0,24.141315,-17.409395,60700.0,26667,"3,952",3032.0,0.027107209293402088,0.5087580622978968,0.2392966318517615,0.5164123864597788
542100,32,4.15625,5716,"[('Beauty salon', 4), ('Restaurant', 4), ('Grocery store', 3), ('Cell phone store', 2), ('Telecommunications service provider', 2), ('Church', 2), ('Commercial printer', 2)]",10.175439,23.087819,-32.871006,87600.0,32154,"4,547",3210.0,0.0558238027067489,0.23730408873513703,0.34416004999086014,0.2208492860613429
534200,17,4.223529411764706,425,"[('Gas station', 2), ('Convenience store', 1), ('Church', 1), ('Barber shop', 1), ('Association or organization', 1), ('Muffler shop', 1), ('Shopping mall', 1)]",11.764706,30.478309,-9.29238,63300.0,21167,"2,991",2731.0,0.020626762766869765,0.5528296213870854,0.32034081996077596,0.4794644686369056
508000,57,4.0017543859649125,21821,"[('Shoe store', 6), ('Restaurant', 6), ('Clothing store', 4), ('Bus stop', 3), ('Sandwich shop', 3), ('Middle Eastern restaurant', 3), ('Fashion accessories store', 3)]",0.0,50.4,-24.925827,24000.0,20259,"1,098",1854.0,0.13806942380744852,0.24906419638701155,0.14586228239157753,0.4693933862603012
506600,19,4.2,1914,"[(""Jehovah's Witness Kingdom Hall"", 2), ('Beer store', 2), ('Post office', 1), ('Logistics service', 1), ('Money order service', 1), ('Shipping and mailing service', 1), ('Chinese takeaway', 1)]",14.828897,42.837929,-26.802289,62200.0,33097,"2,713",2177.0,0.027855670630529683,0.24833084559167398,0.3037263411950563,0.24082469170350612
534300,24,3.9625,2765,"[('Gas station', 3), ('Church', 3), ('Beauty supply store', 2), ('American restaurant', 2), ('Religious organization', 1), ('Locksmith', 1), ('Cell phone store', 1)]",9.090909,41.404358,-20.749084,52300.0,36742,"1,087",1142.0,0.03663409756162997,0.39632729239167863,0.17046248247232587,0.487443075268137
524500,29,4.058620689655172,4328,"[('Restaurant', 6), ('Distribution service', 3), ('Trucking company', 3), ('Fast food restaurant', 2), ('Caterer', 2), ('Deli', 2), ('Sandwich shop', 2)]",64.788732,16.910569,-16.001442,61100.0,40552,83,209.0,0.04771697026057676,0.6548617028510066,0.5931769880797483,0.3572653255268913
501500,19,4.152631578947369,1850,"[('Sandwich shop', 3), ('Bar', 2), ('Gas station', 2), ('Restaurant', 2), ('Post office', 1), ('Logistics service', 1), ('Money order service', 1)]",16.334661,19.924635,-23.36867,85200.0,37885,"4,056",3168.0,0.027648529437914265,0.4443487326882669,0.3957570731807363,0.3290682826967166
511400,23,4.243478260869565,1158,"[('Church', 3), ('Baptist church', 2), ('ATM', 1), ('Kindergarten', 1), ('University', 1), ('Electric vehicle charging station', 1), ('Addiction treatment center', 1)]",13.548387,32.022084,-22.015758,51700.0,31269,"2,005",1612.0,0.03022809240119381,0.42209720766593867,0.24749309012896614,0.43840939065229534
541400,32,3.88125,4491,"[('Auto repair shop', 5), ('Tire shop', 4), ('Restaurant', 3), ('Convenience store', 2), ('American restaurant', 2), ('Fast food restaurant', 2), ('Transmission shop', 1)]",6.701031,12.449799,-17.27597,81600.0,41533,"2,642",1953.0,0.05185899081684445,0.6236057263871506,0.21347475779292402,0.65706925018061
538100,23,4.48695652173913,2707,"[('Beauty salon', 3), ('Hair salon', 2), ('Bar', 2), ('Dance school', 2), ('Doctor', 2), ('Barber shop', 2), ('Bank', 1)]",0.869565,26.442308,-27.051029,131500.0,88500,"2,136",930.0,0.03524155657871381,0.4783971268698855,0.08032904988141303,0.6326825224498522
530800,31,4.048387096774194,3667,"[('Fast food restaurant', 3), ('Restaurant', 3), ('Baptist church', 2), ('Gas station', 2), ('Auto repair shop', 2), ('Park', 1), ('Social security office', 1)]",19.879518,38.619677,-11.081673,52100.0,40552,"1,394",1826.0,0.047987228684812526,0.5879726663416325,0.3209281257943964,0.5321114867573997
541700,18,3.9722222222222223,2358,"[('Hair salon', 2), ('Video production service', 1), ('Auditorium', 1), ('Charter school', 1), ('Apartment complex', 1), ('River', 1), ('Conference center', 1)]",0.0,29.28475,-17.697829,88600.0,31563,"2,538",1397.0,0.0280878933771907,0.4211051482313692,0.10961483103053841,0.5529831946006665
517300,29,4.410344827586207,5781,"[('Condominium complex', 4), ('Restaurant', 3), ('Bar', 3), ('Cafe', 2), ('Coffee shop', 2), ('City government office', 1), ('Religious organization', 1)]",24.342105,38.934426,-23.390315,204900.0,36940,"2,131",1857.0,0.05241972264917363,0.0,0.3631845339984595,0.0
500200,26,4.080769230769231,3577,"[('Fast food restaurant', 3), ('Beauty salon', 2), ('Pizza restaurant', 2), ('Restaurant', 2), ('Seafood restaurant', 2), ('Nail salon', 1), ('Insurance agency', 1)]",5.263158,18.434783,-22.841963,85000.0,48415,"3,037",2566.0,0.04167183999715493,0.5174689529989855,0.24927248383167597,0.5277210242674605
514100,9,4.088888888888889,909,"[('Fast food restaurant', 2), ('Homeless shelter', 1), ('Homeless service', 1), ('Low income housing program', 1), (""Women's shelter"", 1), ('Barber shop', 1), ('Church', 1)]",8.444444,41.696535,-24.804536,51100.0,27833,"1,732",1517.0,0.01255471381915638,0.28894524187633636,0.1944408024292676,0.3552734832905256
514500,5,4.6,70,"[('Baptist church', 2), ('Party store', 1), ('Church', 1), ('Non-profit organization', 1)]",21.192053,36.379019,-24.993501,38500.0,20119,861,722.0,0.00501994513877992,0.3186900670336177,0.24506842991715858,0.3311101745894092
531100,14,4.214285714285714,1094,"[('Gas station', 2), ('Massage therapist', 1), ('Cannabis store', 1), (""Jehovah's Witness Kingdom Hall"", 1), ('Jamaican restaurant', 1), ('Baptist church', 1), ('Pharmacy', 1)]",0.0,24.829157,-19.976729,89800.0,40552,946,952.0,0.01917757771460249,0.4619220340863658,0.07431917270304957,0.6101248902262876
536900,50,4.27,5929,"[('Barber shop', 5), ('Restaurant', 4), ('Church', 3), ('Grocery store', 2), ('Cell phone store', 2), ('Pharmacy', 2), ('Auto repair shop', 2)]",12.376238,26.54424,-34.85406,81700.0,35938,"3,374",3165.0,0.0781999414763739,0.21356931242480115,0.3602176791635017,0.20604032758797375
510600,20,4.3,2395,"[('Hardware store', 2), ('Key duplication service', 2), ('ATM', 2), ('Grocery store', 2), ('Dollar store', 2), ('Indian restaurant', 2), ('Truck rental agency', 1)]",21.993127,28.516624,-26.165863,55600.0,23171,"5,499",1682.0,0.030617285433388354,0.33377870445210744,0.3283558969663932,0.2948863559682322
543200,38,4.128947368421053,10505,"[('Barber shop', 2), ('Auto glass shop', 2), ('Auto parts store', 2), ('Auto repair shop', 2), ('Grocery store', 2), ('Dollar store', 2), ('Clothing store', 2)]",0.0,21.471025,-27.263042,81500.0,40552,"3,008",3218.0,0.07855270542307496,0.3943637718682519,0.2540494238717905,0.45034314302969203
540700,16,4.05625,1961,"[('Beauty salon', 2), ('Restaurant', 2), ('Baptist church', 1), ('Barber shop', 1), ('Land allotment', 1), ('Chicken restaurant', 1), ('Family restaurant', 1)]",0.0,14.767616,-15.505651,61700.0,40552,"3,193",2715.0,0.024393332112531328,0.6774728003460542,0.21415343254880875,0.6789411589045697
515700,20,4.095000000000001,1539,"[('Apartment building', 4), ('Marina', 3), ('Tourist attraction', 3), ('Historical landmark', 2), ('Apartment rental agency', 2), ('Park', 2), ('Apartment complex', 1)]",0.0,10.186263,-25.95073,78300.0,40552,"4,618",1525.0,0.02784677198215716,0.5088190809740278,0.11976729005507453,0.6187282768013793
540800,20,4.075,2331,"[('Park', 2), ('Gas station', 2), ('Auto repair shop', 2), ('Restaurant', 2), ('Massage therapist', 1), ('Drug store', 1), ('Convenience store', 1)]",2.941176,16.450216,-16.21886,83700.0,54901,"2,110",1534.0,0.030410144240772936,0.6717332363128681,0.1467107128796833,0.7365230854416038
545500,41,4.270731707317073,4065,"[('Bakery', 4), ('Church', 3), ('Auto repair shop', 3), ('Used car dealer', 3), ('Restaurant', 3), ('Park', 2), ('Small engine repair service', 2)]",0.0,36.237738,-14.642064,61900.0,25529,"3,878",3093.0,0.06132358074747399,0.45088732419839667,0.24413491310564198,0.49218524028190724
505400,26,4.0346153846153845,2599,"[('Car wash', 3), ('Fast food restaurant', 2), ('Community center', 2), ('Liquor store', 2), ('Church', 1), ('Flea market', 1), ('Religious organization', 1)]",8.064516,35.807504,-31.213107,56200.0,40777,"1,927",2075.0,0.0385064636475006,0.2866654267007753,0.2353109585633218,0.340649927512255
537600,23,4.039130434782609,2166,"[('Liquor store', 4), ('Beauty salon', 2), ('Florist', 2), ('Convenience store', 2), ('Dollar store', 2), ('Discount store', 2), ('Cell phone store', 1)]",0.0,20.228137,-34.199838,75400.0,40552,"3,365",2199.0,0.03349056618488662,0.31070266942449887,0.17322633210614752,0.40961390164555633
536300,25,4.212,1584,"[('Gas station', 4), ('Church', 3), ('Car wash', 3), ('Baptist church', 3), ('ATM', 2), ('Insurance agency', 2), ('Restaurant', 2)]",0.0,30.34965,-14.029943,59600.0,39044,"2,736",2151.0,0.03401651451875704,0.5791076399882532,0.16941915997194648,0.6415216423038769
513200,16,4.4,1516,"[('Gas station', 2), ('Hardware store', 1), ('Boiler supplier', 1), ('Building materials store', 1), ('Furnace repair service', 1), ('Plumbing supply store', 1), ('Business center', 1)]",9.863946,33.077905,-26.635002,51200.0,34500,"1,504",880.0,0.02295305350762726,0.3595340412752705,0.156575656680564,0.4563329456639159
513700,50,4.204,8293,"[('Marina', 5), ('Restaurant', 3), ('ATM', 3), ('Convenience store', 2), ('Clothing store', 2), ('Dollar store', 2), ('Discount store', 2)]",13.851351,29.490196,-25.984157,76600.0,40552,"2,982",2113.0,0.08585121927860584,0.36513335675161285,0.28993229979260426,0.40118354708840054
511900,64,4.1859375,11429,"[('Restaurant', 7), ('Auto repair shop', 5), ('Bar', 3), ('Medical clinic', 2), ('Transportation service', 2), ('Pizza restaurant', 2), ('Non-profit organization', 2)]",8.230453,49.171271,-22.953073,62500.0,42679,"1,559",1522.0,0.11286860759627934,0.3075288929753669,0.19292899871820324,0.45765690864691777
540900,38,3.944736842105263,9820,"[('Barber shop', 3), ('Seafood restaurant', 3), ('Used car dealer', 2), ('Auto repair shop', 2), ('Brake shop', 2), ('Pharmacy', 2), ('Restaurant', 2)]",2.025316,19.614512,-18.905322,91600.0,53828,"3,420",1937.0,0.0763356473458631,0.5808825245885573,0.17050740302311107,0.67808922233322
536400,25,4.188,1674,"[('Restaurant', 3), ('Liquor store', 3), ('Tire shop', 2), ('Auto repair shop', 2), ('Cosmetics store', 2), ('Religious organization', 1), ('Gay night club', 1)]",10.322581,30.769231,-22.878347,53600.0,40552,"2,145",1879.0,0.03430780682087248,0.4603081604551902,0.2399025602378052,0.48082310586549104
540400,30,4.153333333333333,6070,"[('Restaurant', 5), ('Fast food restaurant', 3), ('Gas station', 2), (""Women's clothing store"", 2), ('Sandwich shop', 2), ('Takeout Restaurant', 2), ('Non-profit organization', 2)]",11.71875,25.915751,-29.420078,95600.0,40552,"2,632",2390.0,0.05455991387418606,0.2921624404964165,0.29288419631894286,0.3100199555962332
540100,16,4.09375,3068,"[('Park', 3), ('Non-profit organization', 1), ('Apartment complex', 1), ('Entertainment agency', 1), ('Amusement center', 1), ('Childrens party buffet', 1), ('Corporate entertainment service', 1)]",0.0,18.133686,-17.17762,76600.0,26250,"3,201",2298.0,0.02797622742855111,0.517052265847417,0.18107862463293717,0.573706285154578
985300,28,4.039285714285714,9429,"[('City government office', 2), ('Logistics service', 2), ('Restaurant', 2), ('Commercial printer', 1), ('Professional services', 1), ('Doctor', 1), ('Thrift store', 1)]",0.0,0.0,-22.550612,0.0,36985,220,665.0,0.06302195135114394,0.8140200328131888,0.05155545598397249,0.9661484392349214
514300,31,4.141935483870968,3359,"[('Church', 3), ('Liquor store', 2), ('Supermarket', 2), ('Non-profit organization', 2), ('Trade school', 1), ('Catholic church', 1), (""Men's clothing store"", 1)]",32.231405,29.442149,-24.495859,33100.0,40552,"2,163",1846.0,0.046990361695350834,0.4955991688476263,0.43266929174406427,0.35770624902268133
507500,24,3.8708333333333336,3379,"[('Gas station', 3), ('Cell phone store', 2), ('Convenience store', 2), ('Seafood restaurant', 2), ('Takeout Restaurant', 2), ('Telecommunications service provider', 1), ('Bank', 1)]",0.0,30.230769,-26.078417,54200.0,29464,"2,221",1942.0,0.03862135837828412,0.35720041978967865,0.1528420979709461,0.47084598066468253
524200,57,4.394736842105263,6446,"[('Barber shop', 4), ('Beauty salon', 4), ('Auto repair shop', 4), ('Mexican restaurant', 4), ('Restaurant', 3), ('Non-profit organization', 3), ('Bar', 3)]",33.512064,23.171307,-17.242743,67000.0,27130,"4,366",1847.0,0.08830698886272935,0.5056104959800714,0.44416959902392866,0.391571484352271
525800,35,4.125714285714285,8549,"[('Fast food restaurant', 3), ('Restaurant', 3), ('Cell phone store', 2), ('Gas station', 2), ('Insurance agency', 2), ('Tax preparation service', 2), ('Mexican restaurant', 2)]",9.722222,24.217687,-21.319525,48200.0,38438,"1,781",1514.0,0.068607494892441,0.5372356105022683,0.20559815243962193,0.6045678012998607
541500,19,3.857894736842105,3549,"[('Coffee shop', 2), ('Sandwich shop', 2), ('Apartment building', 2), ('Baptist church', 2), ('Convenience store', 2), ('Bakery', 1), ('Cafe', 1)]",0.0,14.763996,-17.12197,108200.0,34201,"3,625",1600.0,0.03314748078562665,0.5060393947866656,0.12571599651476364,0.6158137355546881
520400,32,4.365625,6377,"[('Restaurant', 6), ('Bar', 4), ('Park', 2), ('Coffee shop', 2), ('Indian restaurant', 2), ('Religious institution', 1), ('Wedding bakery', 1)]",3.157895,26.141079,-23.45475,90000.0,35509,"1,940",1279.0,0.05796318283673,0.3717931830427846,0.12841782352057554,0.5204682091556141
513900,7,4.271428571428571,115,"[('Church', 2), ('Elementary school', 1), ('Liquor store', 1), ('Check cashing service', 1), ('Chicken restaurant', 1), ('Deli', 1), ('Money order service', 1)]",19.230769,25.651578,-25.149188,48000.0,40552,"1,556",1431.0,0.007575229844054502,0.47773128931225767,0.2838126905874739,0.4355707828220222
523300,37,4.402702702702703,8099,"[('Mexican restaurant', 6), ('American restaurant', 3), ('Pizza restaurant', 3), ('Restaurant', 2), ('Tobacco shop', 2), ('Beauty salon', 2), ('Hair salon', 2)]",9.285714,17.477097,-7.377319,54000.0,38951,"2,914",1105.0,0.06956067193608072,0.7943618749247483,0.16926506956716467,0.8549051967203815
543000,43,4.258139534883721,4875,"[('Barber shop', 4), ('Restaurant', 4), ('Beauty salon', 2), ('Hardware store', 2), ('Business development service', 2), ('Boutique', 2), ('Coffee shop', 2)]",0.0,7.373272,-27.814906,152800.0,59521,"1,778",1074.0,0.06635485002072972,0.41370987929884856,0.08399573521081054,0.6010170058188615
523100,22,4.095454545454545,1856,"[('Automobile storage facility', 2), ('Mexican restaurant', 2), ('Alternative medicine practitioner', 2), ('Bar', 2), ('Manufacturer', 1), ('ATM', 1), ('Church', 1)]",0.0,29.421488,-10.565272,44600.0,25833,"1,336",809.0,0.031282406756047265,0.6105122880375312,0.06297697238657562,0.7564072724570465
500900,11,3.827272727272728,1176,"[('Grocery store', 2), ('Restaurant', 2), ('High school', 1), ('Ice cream shop', 1), ('Bagel shop', 1), ('Bakery', 1), ('Coffee shop', 1)]",11.678832,29.514673,-24.497241,67500.0,20233,"3,706",3896.0,0.01582851953631569,0.3081291822235659,0.4119782309917056,0.1893982722215078
501800,18,4.238888888888889,1543,"[('Bar & grill', 3), ('Notary public', 1), ('Home builder', 1), ('Community center', 1), ('Hardware store', 1), ('Electrical supply store', 1), ('Garden building supplier', 1)]",0.0,11.35634,-23.971755,94700.0,36992,"4,117",2020.0,0.025450079752478757,0.472502809053734,0.1590287526890228,0.552427038583515
535000,23,4.178260869565217,1283,"[('Auto repair shop', 3), ('Tire shop', 2), ('Logistics service', 2), ('Mailing service', 2), ('Gas station', 1), ('Truck repair shop', 1), ('Tractor repair shop', 1)]",8.441558,28.958944,-22.105746,71700.0,35887,"2,411",2147.0,0.030632665043020795,0.4181898664848658,0.24438419917537307,0.43807447864701177
530300,34,4.208823529411765,3723,"[('Gas station', 4), ('ATM', 3), ('Non-profit organization', 3), ('Church', 2), ('Liquor store', 2), ('Social club', 1), ('Corporate office', 1)]",12.068966,33.398058,-23.37208,73300.0,40552,"1,341",1504.0,0.051782935059676315,0.38413488540460294,0.2257333905962974,0.4429603546439188
501100,19,4.315789473684211,1407,"[('Auto repair shop', 5), ('Car wash', 2), ('Restaurant', 2), ('Barber shop', 1), ('Upholstery shop', 1), ('Cell phone store', 1), ('Electronic parts supplier', 1)]",24.220624,33.498896,-24.577136,75200.0,33189,"3,328",3282.0,0.02621472399527943,0.3228183963971559,0.4751265821330647,0.157025061259481
538300,18,4.233333333333333,2341,"[('Church', 3), ('Park', 2), ('Banquet hall', 1), ('Fountain', 1), ('Church of Jesus Christ of Latter-day Saints', 1), ('Non-profit organization', 1), ('Religious organization', 1)]",22.0,14.081633,-26.694811,191200.0,50239,"2,162",2821.0,0.02803287149790223,0.23884349008267342,0.4187582128799233,0.13509733149077363
538800,16,4.31875,1525,"[('Dentist', 2), ('Church', 2), ('Auto repair shop', 2), ('Physical therapy clinic', 1), ('Rehabilitation center', 1), ('Sports medicine clinic', 1), ('Baptist church', 1)]",10.429448,20.215633,-35.46318,86200.0,52938,"1,549",973.0,0.0229821827378388,0.3269596608728236,0.16899523230516733,0.4180995938350701
537700,9,4.088888888888889,745,"[('Restaurant', 2), ('School', 1), ('Baptist church', 1), ('Liquor store', 1), ('Gift shop', 1), ('Event venue', 1), ('Masonic center', 1)]",0.0,25.032175,-36.019732,86600.0,47963,"2,874",2838.0,0.012023914513079376,0.25547488959906367,0.22390931114269894,0.30130557046950335
531700,17,4.105882352941176,2070,"[('Grocery store', 3), ('Dollar store', 2), ('Discount store', 2), ('School supply store', 2), ('Toy store', 2), ('Car wash', 1), ('Liquor store', 1)]",18.881119,33.333333,-22.715703,51800.0,40552,"1,645",1464.0,0.02595093873331289,0.4476958182488216,0.2833119224627291,0.4260823498413805
504400,6,4.3,327,"[('Gas station', 2), ('Commercial printer', 1), ('Custom label printer', 1), ('Digital printer', 1), ('ATM', 1), ('Dollar store', 1), ('Clothing store', 1)]",0.0,37.460815,-26.169623,83200.0,20048,"1,416",1971.0,0.0070565657674846365,0.18189384598228853,0.15514226446869256,0.2929885445249253
522300,21,4.20952380952381,1184,"[('Baptist church', 5), ('Church', 2), ('Religious organization', 1), ('Food bank', 1), ('Bus stop', 1), (""Jehovah's Witness Kingdom Hall"", 1), ('Dollar store', 1)]",0.0,25.187406,-22.563677,44700.0,23482,"1,193",1974.0,0.027902604956476958,0.44369709249189604,0.15538021272708014,0.533121394887993
500300,24,3.9583333333333335,3933,"[('Clothing store', 4), ('Restaurant', 3), ('Money order service', 2), ('Auto repair shop', 2), ('Community center', 2), ('Convenience store', 2), ('Catholic church', 1)]",6.829268,32.469935,-22.937817,72800.0,43375,"2,149",2611.0,0.04041442432686132,0.4134386988681534,0.2668083674650211,0.4232848134365689
544000,5,4.16,197,"[('Apartment building', 1), ('Pentecostal church', 1), ('Full Gospel church', 1), (""Jehovah's Witness Kingdom Hall"", 1), ('Religious organization', 1), ('Conference center', 1), ('Non-profit organization', 1)]",0.833333,18.845501,-25.660825,71600.0,42917,"2,534",1418.0,0.005430990942876137,0.47562327855729836,0.11871218083631617,0.5723391984339992
543700,8,4.0,1501,"[('Supermarket', 1), ('Oil change service', 1), ('Auto machine shop', 1), ('Trucking company', 1), ('Liquor store', 1), ('Church', 1), ('Truck rental agency', 1)]",0.0,31.521739,-25.708776,58400.0,19722,"1,785",1799.0,0.013265950573740548,0.29371138419750764,0.14149989765447213,0.40494623772561045
521800,2,3.45,50,"[('Photographer', 1), ('Apartment complex', 1), ('Apartment building', 1), ('Apartment rental agency', 1)]",0.0,28.899083,-23.366546,0.0,55952,"1,466",554.0,0.0013407556847623008,0.6762693301280669,0.04275137042363257,0.8040586291765333
543100,19,4.3578947368421055,1616,"[('Barber shop', 3), ('Fast food restaurant', 2), ('Restaurant', 2), ('Hair salon', 1), ('Cafe', 1), ('Juice shop', 1), ('Dry cleaner', 1)]",0.0,16.890882,-27.276426,114300.0,50737,"2,455",1154.0,0.026891169452414147,0.39981896780767195,0.09034102210114561,0.5502545179226839
536200,29,4.017241379310345,3887,"[('Beauty salon', 2), ('Drug store', 2), ('Convenience store', 2), ('Event venue', 2), ('Auto repair shop', 2), ('Chicken restaurant', 2), ('Restaurant', 2)]",4.310345,23.712342,-25.044024,70800.0,47857,"2,165",1563.0,0.04628963798021115,0.474943007782512,0.16122120788153219,0.57035745853391
500100,16,4.2,1567,"[('Church', 2), ('Car dealer', 2), ('Beauty salon', 1), ('Holistic medicine practitioner', 1), ('Non-profit organization', 1), ('Insurance agency', 1), ('Auto insurance agency', 1)]",0.0,30.534826,-23.353547,80300.0,41362,"3,996",2597.0,0.02311811914549267,0.39315666485268574,0.2047941343855645,0.4440625233627694
526200,10,4.24,1926,"[('School', 2), ('Grocery store', 1), ('Barber shop', 1), ('Used tire shop', 1), ('Auto glass shop', 1), ('Liquor store', 1), ('Venezuelan restaurant', 1)]",38.285714,26.175869,-22.789468,53900.0,40431,"3,026",881.0,0.017051136110169167,0.49540694037082317,0.41012194722155365,0.35125752122836884
537100,32,4.059375,2703,"[('Church', 2), ('Gas station', 2), ('Bar & grill', 2), ('Fast food restaurant', 2), ('Door supplier', 2), ('Pharmacy', 2), ('Barber shop', 1)]",13.227513,30.182134,-24.732023,74100.0,30859,"1,946",1888.0,0.046071983748151246,0.33668539622146965,0.2665227569695776,0.3630753361501625
543500,7,4.385714285714285,170,"[('Gas station', 2), ('Food court', 1), ('Barber shop', 1), ('Hardware store', 1), ('Mosque', 1), ('Restaurant', 1)]",24.0,56.283422,-26.970101,73100.0,40552,"1,210",1089.0,0.007753241806458375,0.1538582001368028,0.29921886763157085,0.14723479927214342
531200,3,4.333333333333333,334,"[('Historical landmark', 1), ('Tourist attraction', 1), ('Coffee shop', 1), ('Gas station', 1)]",8.536585,21.093203,-22.219601,82900.0,145278,"2,242",1157.0,0.0034647640041016456,1.0,0.16670873020159316,0.9757308396150124
533300,5,3.88,213,"[('Church', 1), ('Auto repair shop', 1), ('Liquor store', 1), ('Barber shop', 1)]",0.0,22.535211,-22.487627,49100.0,40552,"1,196",793.0,0.005482776241029991,0.5403058023812548,0.061707915008508606,0.6758528578601213
522400,20,4.285,6240,"[('Florist', 2), ('Museum', 2), ('Tourist attraction', 2), ('Bus stop', 1), ('Pharmacy', 1), ('Jewelry designer', 1), ('Social services organization', 1)]",26.315789,20.0,-23.027657,55200.0,40552,924,1444.0,0.04306193989598642,0.536247615940836,0.34802841874113377,0.4608987720098181
530500,10,4.04,952,"[('Auto glass shop', 3), ('Restaurant', 1), ('Assisted living facility', 1), ('Used car dealer', 1), ('Gas station', 1), ('Grocery store', 1), ('Liquor store', 1)]",17.112299,25.230769,-6.228666,94100.0,37750,"2,253",2002.0,0.013898706085053296,0.6484935018384292,0.310209537512879,0.5637006994087923
526300,18,4.433333333333334,1034,"[('Grocery store', 3), ('Social services organization', 2), ('Supermarket', 2), ('Head start center', 1), ('Historical landmark', 1), ('Club', 1), ('Restaurant', 1)]",17.684887,27.498002,-21.13959,50000.0,38448,"3,345",1168.0,0.02380265995495927,0.510629788944326,0.24916629465445544,0.5068019434703719
503400,22,3.9909090909090903,3761,"[('Shoe store', 4), (""Women's clothing store"", 4), (""Children's clothing store"", 3), ('Clothing store', 3), ('Cosmetics store', 2), ('Plus size clothing store', 2), ('Fashion accessories store', 2)]",2.134146,29.228856,-22.213872,61800.0,34784,886,1447.0,0.03744809381749052,0.4332161059377521,0.13261307306799833,0.5516847233326231
985500,30,4.416666666666667,16567,"[('Tourist attraction', 9), ('Park', 5), ('Event venue', 3), ('Live music venue', 2), ('Nature preserve', 2), ('Historical landmark', 2), ('Playground', 2)]",0.0,0.0,-25.95073,0.0,40552,0,43.0,0.08853430604424897,0.7789846374196323,0.002220850411617276,0.9999999999999999
501400,53,4.164150943396226,7419,"[('Restaurant', 7), ('Fast food restaurant', 5), ('Auto repair shop', 4), ('Hamburger restaurant', 4), ('Cell phone store', 4), ('Gas station', 2), ('Tire shop', 2)]",0.0,24.020443,-24.52367,86400.0,49012,"3,624",2727.0,0.08663690519827687,0.4481858187357628,0.215105225582359,0.5360957371763996
536100,22,4.040909090909091,2767,"[('Restaurant', 2), ('Liquor store', 2), ('Hair salon', 2), ('Excavating contractor', 1), ('Preschool', 1), ('Air conditioning contractor', 1), ('Air conditioning store', 1)]",4.392765,23.643411,-24.641697,57800.0,26750,"3,327",2434.0,0.03423093216968233,0.40735838689844883,0.23104054523742354,0.4432701543675238
985100,15,4.206666666666667,644,"[('Corporate office', 2), ('Storage facility', 1), ('Automobile storage facility', 1), ('Self-storage facility', 1), ('Fashion accessories store', 1), ('Produce wholesaler', 1), ('Restaurant', 1)]",0.0,48.648649,-24.617294,0.0,53750,154,501.0,0.018925935481133777,0.49493484948178873,0.03854761785878558,0.6683979024518467
523400,27,4.362962962962963,9279,"[('Non-profit organization', 2), ('Restaurant', 2), ('Gas station', 2), ('Liquor store', 2), ('Park', 2), ('Ice cream shop', 2), ('Baptist church', 1)]",0.0,31.573987,-25.049777,63600.0,40552,"2,196",1632.0,0.06133164490384312,0.3957408876977869,0.12825411127089767,0.5438342033290098
544100,16,4.14375,1008,"[('Adult entertainment club', 1), ('Cocktail bar', 1), ('Farm', 1), ('Florist', 1), ('Tea house', 1), ('Church', 1), ('Restaurant', 1)]",0.0,17.790531,-25.461854,93100.0,27880,"2,222",1856.0,0.021308870291242392,0.3581919962129111,0.1460209145638359,0.4627684125166308
507300,11,4.390909090909091,861,"[('Gay sauna', 1), ('Sauna club', 1), ('Grocery store', 1), ('Methodist church', 1), ('Restaurant', 1), ('Pizza restaurant', 1), ('Used tire shop', 1)]",24.064171,31.025641,-21.676575,48400.0,39292,"2,285",1715.0,0.014808996478911686,0.4835167224898904,0.3494430182460315,0.3908358220906153
503300,13,3.746153846153846,1359,"[('Convenience store', 2), ('Grocery store', 2), ('Park', 2), ('Tourist attraction', 2), ('Restaurant', 2), ('Fast food restaurant', 2), ('Supermarket', 1)]",0.0,32.215569,-21.822927,65900.0,38917,"3,407",3352.0,0.018830452438167264,0.4272587772761097,0.2646777794131018,0.41849484394791736
541800,18,4.15,2418,"[('Restaurant', 3), ('Caterer', 2), ('Live music venue', 1), ('Non-denominational church', 1), ('Christian church', 1), ('Church', 1), ('Park', 1)]",7.33945,21.267606,-17.935791,91700.0,47912,"2,533",1554.0,0.028282088245267654,0.5533305902197794,0.18752109707450584,0.5993356223564414
501200,8,4.5125,223,"[('Beauty salon', 2), ('Bar', 1), ('Community center', 1), ('Upholstery shop', 1), ('Money transfer service', 1), ('Money order service', 1), ('Baptist church', 1)]",26.451613,21.441774,-24.786437,56800.0,48393,"1,609",1631.0,0.009129599883701451,0.5333933391698278,0.3640718131521537,0.4159776959376193
533000,8,3.75,205,"[('Jewelry store', 1), ('Gift shop', 1), ('Towing service', 1), ('Public library', 1), ('Auto repair shop', 1), ('Auto body shop', 1), ('Auto glass shop', 1)]",0.0,25.840979,-22.458535,89800.0,40552,"1,426",843.0,0.009071341423278366,0.41551004710991246,0.06567371931496803,0.5694189299408925
535100,16,3.9875,737,"[('Auto repair shop', 3), ('Junkyard', 2), ('Used car dealer', 2), ('Used auto parts store', 2), ('Tire shop', 1), ('Professional services', 1), ('Grocery store', 1)]",0.0,20.245399,-22.135126,74100.0,32500,"1,717",1846.0,0.020431756803761487,0.4612799868241714,0.145227753702544,0.5503521953224373
542200,11,4.154545454545455,1914,"[('Chicken restaurant', 2), ('Fast food restaurant', 2), ('Auto repair shop', 1), ('Pet adoption service', 1), ('Park', 1), ('Church', 1), ('Liquor store', 1)]",7.835821,34.754098,-30.478506,78700.0,24250,"3,644",2396.0,0.01821711641366221,0.16760868341246757,0.25873190694478265,0.20224998453774845
539100,13,4.307692307692308,1525,"[('Restaurant', 2), ('Auto radiator repair service', 2), ('Car dealer', 1), ('Church of Christ', 1), ('Chicken wings restaurant', 1), ('Tourist attraction', 1), ('Basketball court', 1)]",48.031496,20.423601,-31.684431,59000.0,34028,"1,788",1270.0,0.0193677249065135,0.3558598231892961,0.5278893535034013,0.13443414068242068
515400,17,4.647058823529412,806,"[('Beauty salon', 2), ('Bar', 2), ('Hair salon', 2), ('Eyebrow bar', 2), ('Beer hall', 1), ('Cocktail bar', 1), ('Ice cream shop', 1)]",0.0,5.701754,-25.894048,253000.0,106583,"1,358",668.0,0.021859900179158415,0.4472593888723087,0.05179340424236005,0.6190916263351477
531800,12,4.066666666666666,1344,"[('Baptist church', 2), ('Tire shop', 2), ('Auto repair shop', 2), ('Hardware store', 2), ('American restaurant', 2), ('Non-profit organization', 1), ('Auto tune up service', 1)]",0.0,26.715945,-21.918049,50400.0,11167,"1,500",1470.0,0.01757708444403959,0.36604917945625054,0.11540490531796917,0.4923088448455307
531400,7,4.271428571428571,907,"[('Grocery store', 2), ('Plumber', 2), ('HVAC contractor', 1), ('Air conditioning contractor', 1), ('Appliance repair service', 1), ('Furnace repair service', 1), ('Heating contractor', 1)]",37.823834,34.37877,-24.4089,62000.0,34915,"1,518",946.0,0.01013860210267028,0.35985810444252814,0.4111584202076767,0.22924207257773982
526500,14,4.0285714285714285,1624,"[('Auto repair shop', 4), ('Car dealer', 2), ('Used car dealer', 2), ('Grocery store', 1), ('Junkyard', 1), ('Liquor store', 1), ('General hospital', 1)]",16.455696,35.546875,-20.347391,51900.0,40552,"1,796",1305.0,0.020892965715948904,0.46747437643451045,0.24907060186769475,0.46771439654578184
530200,19,4.084210526315789,4217,"[('Fast food restaurant', 3), ('Restaurant', 2), ('Corporate office', 1), ('Gospel church', 1), ('Religious organization', 1), ('Catholic church', 1), ('Parking lot', 1)]",0.0,20.599667,-21.687988,85000.0,36667,"3,546",2227.0,0.03530951698355006,0.4597522673429882,0.17544718251776478,0.5360082447960839
516000,17,4.341176470588235,821,"[('Baptist church', 3), ('Gas station', 3), ('Park', 2), ('Auto repair shop', 2), ('Church', 1), ('Funeral home', 1), ('Catholic church', 1)]",25.984252,51.059002,-25.894048,56500.0,50129,"2,235",1460.0,0.021908448896177653,0.299548147589468,0.3463408099360893,0.24308274398325244
507100,12,4.05,850,"[('Pizza restaurant', 1), ('Baptist church', 1), ('Taxi service', 1), ('Airport shuttle service', 1), ('Limousine service', 1), ('Auto repair shop', 1), ('Tire shop', 1)]",16.470588,31.345178,-22.086869,55600.0,40552,"2,266",1769.0,0.015978213363539346,0.463335638022706,0.28600607355083363,0.42861022764866424
501700,40,4.1625,6766,"[('Auto repair shop', 4), ('Restaurant', 4), ('Fast food restaurant', 3), ('Paint store', 2), ('Home improvement store', 2), ('Liquor store', 2), ('Mexican restaurant', 2)]",24.324324,40.0,-22.526009,65700.0,30750,"2,218",1482.0,0.06886076711496306,0.3162309183102154,0.3332824297113613,0.3082947907855338
537200,24,4.0875,4034,"[('Church', 4), ('Cell phone store', 2), ('Gas station', 2), ('American restaurant', 2), ('Baptist church', 1), ('Telephone company', 1), ('Auto repair shop', 1)]",0.0,18.283582,-24.518039,69900.0,16328,583,1266.0,0.04074131902145752,0.3679594172751174,0.09922442374761473,0.5273877116410377
542300,42,3.947619047619048,6574,"[('Restaurant', 6), ('Fast food restaurant', 5), ('Clothing store', 4), ('Gas station', 3), ('Convenience store', 2), ('ATM', 2), ('Auto repair shop', 2)]",0.0,12.233446,-29.895877,83200.0,25557,"2,255",2185.0,0.07064898209133368,0.3441117720153932,0.17211590690033887,0.47056127396287645
985000,8,3.5,895,"[('Restaurant', 2), ('Bus stop', 1), ('Vending machine supplier', 1), ('Energy equipment and solutions', 1), ('Used auto parts store', 1), ('Auto parts store', 1), ('Battery store', 1)]",0.0,100.0,-8.094563,0.0,40552,19,204.0,0.011304582406163324,0.29406949181590136,0.014990740278416613,0.5111530540101794
537300,19,4.078947368421052,1237,"[('Gas station', 3), ('Barber shop', 2), ('Grocery store', 2), ('Tire shop', 2), ('Bar', 2), ('Bus stop', 1), ('Convenience store', 1)]",7.397959,21.587302,-21.981661,72700.0,40875,"1,987",2058.0,0.02566450520239473,0.49906044461137716,0.228018191137015,0.5165298282536682
546600,5,4.5600000000000005,266,"[('Auto repair shop', 2), ('Car dealer', 1), ('Auto body shop', 1), ('Auto restoration service', 1), ('Mechanic', 1), ('Car wash', 1), ('Beauty salon', 1)]",8.666667,21.274602,-16.926951,81700.0,31250,"1,996",1760.0,0.0056543150411646325,0.5096413710704322,0.21569640895352793,0.5189893212539884
517100,8,4.1375,637,"[('Apartment complex', 2), ('Apartment building', 2), ('Legal services', 1), ('Attorney', 1), ('City park', 1), ('Housing cooperative', 1), ('Ford dealer', 1)]",0.0,11.526946,-26.250544,53400.0,54107,"1,552",911.0,0.010469544473432426,0.6233870185410342,0.07106721317175284,0.742778432958495
535700,8,3.925,935,"[('Liquor store', 2), ('Shoe store', 1), ('Church', 1), ('Religious organization', 1), ('Restaurant', 1), ('Barber shop', 1), ('Lounge', 1)]",24.675325,31.188119,-19.623296,81400.0,40625,"1,313",1065.0,0.011434045651547958,0.4399054058734281,0.3033378690588067,0.3900866119477704
533100,10,4.34,1438,"[('Recreation center', 2), ('Dollar store', 1), ('Beer store', 1), ('Clothing store', 1), ('Discount store', 1), ('Discount supermarket', 1), ('School supply store', 1)]",12.734082,37.59058,-22.458535,76000.0,26726,"1,388",1177.0,0.015471684516476614,0.2900904251476445,0.20572857347263768,0.3491295797223584
539700,23,3.978260869565217,2110,"[('Restaurant', 3), ('Cell phone store', 2), ('Banquet hall', 2), ('Takeout Restaurant', 2), ('Gas station', 2), ('ATM', 2), ('Foster care service', 1)]",0.0,23.953975,-17.102502,106600.0,26563,"2,072",1463.0,0.03330931764134813,0.4016524921436191,0.11484969271506484,0.5364312793627443
543900,6,3.883333333333333,438,"[('Used car dealer', 1), ('Cannabis store', 1), ('Herb shop', 1), ('Non-profit organization', 1), ('Masonry contractor', 1), ('Bricklayer', 1), ('Building restoration service', 1)]",27.472527,39.348371,-25.65079,80000.0,26448,785,1185.0,0.007415826273426999,0.21567925862617418,0.33780140896648947,0.1667074835441423
551600,18,4.088888888888889,1061,"[('Restaurant', 3), ('Cell phone store', 2), ('Liquor store', 2), ('Cosmetics store', 1), ('Appliance rental service', 1), ('Business center', 1), ('E commerce agency', 1)]",3.488372,17.258143,-23.353547,78000.0,29804,"4,237",12.0,0.023890047645593902,0.44192157442973673,0.0308715554365638,0.6340688709737947
531600,21,4.042857142857143,2872,"[('Clothing store', 3), ('Baptist church', 3), ('Gas station', 2), ('Nail salon', 2), ('Dollar store', 2), ('Party store', 2), ('Restaurant', 2)]",0.0,44.91018,-24.135293,64000.0,40552,"1,644",1308.0,0.03336595391170857,0.3072219197384044,0.10255569936504065,0.4666391428387229
523200,35,4.208571428571429,8947,"[('Restaurant', 4), ('Fast food restaurant', 4), ('Sandwich shop', 3), ('Cell phone store', 3), ('Tire shop', 3), ('Travel agency', 2), ('Church', 2)]",22.906404,20.450607,-6.755971,64900.0,42697,"3,247",1322.0,0.06989565418401812,0.7734370429697075,0.30794676318280023,0.7194774549502372
533200,3,4.466666666666667,553,"[('Art center', 1), ('Barber shop', 1), ('American restaurant', 1)]",0.0,29.402516,-22.458535,57900.0,9735,"1,104",859.0,0.004173575272582524,0.3114730133259281,0.06694277669303504,0.4757131792533257
543400,7,4.357142857142857,958,"[('Gas station', 2), ('Community center', 1), ('Restaurant', 1), ('City park', 1), ('Barber shop', 1), ('Graphic designer', 1), ('Internet cafe', 1)]",5.91716,24.175824,-26.856605,90800.0,46250,"3,132",2037.0,0.01030366774053569,0.38590501048324,0.21314670201371164,0.4198982773040002
513300,15,4.513333333333334,1708,"[('Park', 5), ('Tourist attraction', 5), ('Marina', 4), ('Restaurant', 2), ('Bar', 2), ('Apartment complex', 1), ('Apartment building', 1)]",0.925926,17.585848,-55.190974,90100.0,51771,"1,971",785.0,0.022369657808365077,0.024031771644415945,0.06933084805757285,0.2447448955895447
503900,13,3.907692307692308,2689,"[('Tire shop', 2), ('Fast food restaurant', 2), ('Grocery store', 2), ('Cell phone store', 1), ('Chicken restaurant', 1), ('Takeout restaurant', 1), ('Seafood restaurant', 1)]",6.435644,41.632983,-26.868627,49400.0,30326,"1,730",1404.0,0.023135105347206385,0.2739895241206814,0.16756348985918687,0.3744068019746363
546000,18,3.9722222222222223,2385,"[('Liquor store', 2), ('Dollar store', 2), ('Discount store', 2), ('Grocery store', 2), ('Party store', 2), ('Religious institution', 1), ('Auto repair shop', 1)]",8.714597,27.317608,-16.794829,70700.0,30708,"2,925",2808.0,0.02817528106782533,0.489877492649601,0.29924710973511753,0.4502909439194252
538400,32,4.0625,5985,"[('Beauty salon', 3), ('Gas station', 3), ('Convenience store', 3), ('Nail salon', 3), ('Cell phone store', 2), ('Electronic parts supplier', 2), ('Electronics store', 2)]",0.0,11.722054,-26.612907,191500.0,74524,"3,330",1717.0,0.05669444303196057,0.37973189507315563,0.1349959785918787,0.5205462807910299
985900,5,3.66,179,"[('Gas station', 1), ('Janitorial service', 1), ('Energy supplier', 1), ('City department of transportation', 1), ('Department of Transportation', 1)]",0.0,0.0,-22.759652,0.0,40552,0,140.0,0.005372732482453051,0.8287305076322973,0.009914510766148554,0.9650449278267295
504000,3,4.266666666666667,78,"[('Liquor store', 1), ('Home goods store', 1), ('Non-profit organization', 1)]",0.0,30.893119,-20.726022,91100.0,33087,"1,093",838.0,0.00263619923363998,0.3631559905760595,0.06527713888432209,0.5197679987923083
514200,14,4.342857142857143,1539,"[('Convenience store', 2), ('ATM', 2), ('Gas station', 2), ('Restaurant', 2), ('Car wash', 1), ('Head start center', 1), ('Social services organization', 1)]",22.924901,21.598478,-24.738291,54300.0,97656,"1,828",1337.0,0.020617856319506557,0.787259901658655,0.30930146179289264,0.6881784167373217
537500,6,4.266666666666667,296,"[('Liquor store', 2), ('Gas station', 1), ('Auto repair shop', 1), ('Church', 1), ('Car wash', 1), ('Beer store', 1)]",23.75,18.701095,-38.43097,85100.0,31312,"2,714",2561.0,0.006956231752311544,0.1860142209151463,0.413742631922811,0.07652025393975528
500800,5,4.4,177,"[('Playground', 1), ('Grocery store', 1), ('Pet groomer', 1), ('Baptist church', 1), ('Soul food restaurant', 1)]",0.0,42.266667,-24.73296,83100.0,31510,"2,569",1820.0,0.0053662593201838195,0.22559515390494012,0.14316553546318508,0.33889402311693173
524800,10,4.14,830,"[('Restaurant', 2), ('Church', 2), ('Baptist church', 1), ('Car wash', 1), ('Cannabis store', 1), ('Alternative medicine practitioner', 1), ('Herb shop', 1)]",11.184211,32.49497,-13.409276,58200.0,40552,"2,586",1263.0,0.013503843186630159,0.5834456717997905,0.19872791746548876,0.6028473529917107
500500,6,4.2,1612,"[('Grocery store', 3), ('Beauty supply store', 2), ('Discount supermarket', 1), ('Supermarket', 1), ('Dollar store', 1), ('Convenience store', 1), ('Discount store', 1)]",0.0,24.100719,-23.4655,53500.0,42333,"1,507",1689.0,0.011215572525466046,0.5112718952874105,0.1327751281802614,0.5956119765025196
532700,1,4.5,8,"[('Baptist church', 1)]",0.0,47.439353,-22.709244,62000.0,26466,558,429.0,0.0,0.24410295850455105,0.032836859657484015,0.44388009199388273
533600,1,4.6,26,"[('Apostolic church', 1)]",0.0,27.959698,-8.360144,51200.0,30938,"1,390",1169.0,5.8258460423085885e-05,0.6655437059442284,0.09153076339308346,0.7523713306909467
